Parameter,Value
MSE,1.3225806451612903
MAE,0.7419354838709677
R-SQUARED,0.2545454545454545
RMSE,1.1500350625790894
ACCURACY,0.5
